<?xml version="1.0" encoding="UTF-8"?>
<workflow-app xmlns = "uri:oozie:workflow:0.2" name = "Process Automation">
	<start to="drop-tables"/>    
	<action name="drop-tables">
		<hive xmlns="uri:oozie:hive-action:0.2">
			<job-tracker>${jobTracker}</job-tracker>
			<name-node>${nameNode}</name-node>
			<script>${scriptsPath}/oozie/dropTables.txt</script>
		</hive>
		<ok to="branch-data-import" />
		<error to="fail" />
	</action>
	<action name="branch-data-import">
		<sqoop xmlns="uri:oozie:sqoop-action:0.2">
			<job-tracker>${jobTracker}</job-tracker>
			<name-node>${nameNode}</name-node>
			<prepare>
				<delete path="${ccPath}/CDW_SAPP_BRANCH"/>
			</prepare>
			<configuration>
                <property>
                    <name>mapred.job.queue.name</name>
                    <value>${queueName}</value>
                </property>
            </configuration>
			<command>job --meta-connect jdbc:hsqldb:hsql://localhost:16000/sqoop --exec fullBranchImport</command>		 		
	        <archive>${libPath}/java-json.jar#java-json.jar</archive>
		</sqoop>
		<ok to="credit-card-data-import"/>
		<error to="fail"/>
	</action>
	<action name="credit-card-data-import">
		<sqoop xmlns="uri:oozie:sqoop-action:0.2">
			<job-tracker>${jobTracker}</job-tracker>
			<name-node>${nameNode}</name-node>
			<prepare>
				<delete path="${ccPath}/CDW_SAPP_CREDITCARD"/>
			</prepare>
			<configuration>
                <property>
                    <name>mapred.job.queue.name</name>
                    <value>${queueName}</value>
                </property>
            </configuration>
			<command>job --meta-connect jdbc:hsqldb:hsql://localhost:16000/sqoop --exec fullCreditCardImport</command>		 		
	        <archive>${libPath}/java-json.jar#java-json.jar</archive>
		</sqoop>
		<ok to="customer-data-import"/>
		<error to="fail"/>
	</action>
	<action name="customer-data-import">
		<sqoop xmlns="uri:oozie:sqoop-action:0.2">
			<job-tracker>${jobTracker}</job-tracker>
			<name-node>${nameNode}</name-node>
			<prepare>
				<delete path="${ccPath}/CDW_SAPP_CUSTOMER"/>
			</prepare>
			<configuration>
                <property>
                    <name>mapred.job.queue.name</name>
                    <value>${queueName}</value>
                </property>
            </configuration>
			<command>job --meta-connect jdbc:hsqldb:hsql://localhost:16000/sqoop --exec fullCustomerImport</command>		 		
	        <archive>${libPath}/java-json.jar#java-json.jar</archive>
		</sqoop>
		<ok to="time-data-import"/>
		<error to="fail"/>
	</action>
	<action name="time-data-import">
		<sqoop xmlns="uri:oozie:sqoop-action:0.2">
			<job-tracker>${jobTracker}</job-tracker>
			<name-node>${nameNode}</name-node>
			<prepare>
				<delete path="${ccPath}/CDW_SAPP_TIME"/>
			</prepare>
			<configuration>
                <property>
                    <name>mapred.job.queue.name</name>
                    <value>${queueName}</value>
                </property>
            </configuration>
			<command>job --meta-connect jdbc:hsqldb:hsql://localhost:16000/sqoop --exec fullTimeImport</command>		 		
	        <archive>${libPath}/java-json.jar#java-json.jar</archive>
		</sqoop>
		<ok to="file-renaming"/>
		<error to="fail"/>
	</action>
	<action name="file-renaming">
        <fs>
			<move source="${ccPath}/CDW_SAPP_BRANCH/part*" target="${ccPath}/CDW_SAPP_BRANCH/CDW_SAPP_BRANCH.txt"/>
			<move source="${ccPath}/CDW_SAPP_CREDITCARD/part*" target="${ccPath}/CDW_SAPP_CREDITCARD/CDW_SAPP_CREDITCARD.txt"/>
			<move source="${ccPath}/CDW_SAPP_TIME/part*" target="${ccPath}/CDW_SAPP_TIME/CDW_SAPP_TIME.txt"/>
			<move source="${ccPath}/CDW_SAPP_CUSTOMER/part*" target="${ccPath}/CDW_SAPP_CUSTOMER/CDW_SAPP_CUSTOMER.txt"/>
        </fs>
        <ok to="insert-into-branch-table"/>
        <error to="fail"/>
    </action>
	<action name="insert-into-branch-table">
		<hive xmlns="uri:oozie:hive-action:0.2">
			<job-tracker>${jobTracker}</job-tracker>
			<name-node>${nameNode}</name-node>
			<prepare>
				<delete path="${ccPath}/CDW_SAPP_D_BRANCH"/>
			</prepare>
			<script>${scriptsPath}/hive/branchTable.txt</script>
		</hive>
		<ok to="insert-into-credit-card-table" />
		<error to="fail" />
	</action>
	<action name="insert-into-credit-card-table">
		<hive xmlns="uri:oozie:hive-action:0.2">
			<job-tracker>${jobTracker}</job-tracker>
			<name-node>${nameNode}</name-node>
			<prepare>
				<delete path="${ccPath}/CDW_SAPP_F_CREDIT_CARD"/>
			</prepare>
			<script>${scriptsPath}/hive/ccTable.txt</script>
		</hive>
		<ok to="insert-into-customer-table" />
		<error to="fail" />
	</action>
	<action name="insert-into-customer-table">
		<hive xmlns="uri:oozie:hive-action:0.2">
			<job-tracker>${jobTracker}</job-tracker>
			<name-node>${nameNode}</name-node>
			<prepare>
				<delete path="${ccPath}/CDW_SAPP_D_CUSTOMER"/>
			</prepare>
			<script>${scriptsPath}/hive/customerTable.txt</script>
		</hive>
		<ok to="insert-into-time-table" />
		<error to="fail" />
	</action>
	<action name="insert-into-time-table">
		<hive xmlns="uri:oozie:hive-action:0.2">
			<job-tracker>${jobTracker}</job-tracker>
			<name-node>${nameNode}</name-node>
			<prepare>
				<delete path="${ccPath}/CDW_SAPP_D_TIME"/>
			</prepare>
			<script>${scriptsPath}/hive/timeTable.txt</script>
		</hive>
		<ok to="remove-directories" />
		<error to="fail" />
	</action>
	<action name="remove-directories">
        <fs>
			<delete path="${ccPath}/CDW_SAPP_BRANCH/"/>
			<delete path="${ccPath}/CDW_SAPP_TIME"/>
			<delete path="${ccPath}/CDW_SAPP_CREDITCARD"/>
			<delete path="${ccPath}/CDW_SAPP_CUSTOMER"/>
        </fs>
        <ok to="end"/>
        <error to="fail"/>
    </action>
	<kill name="fail">
        <message>Workflow failed, error message[${wf:errorMessage(wf:lastErrorNode())}]</message>
    </kill>
    <end name="end"/>
</workflow-app>