<?xml version="1.0" encoding="UTF-8"?>
<workflow-app xmlns = "uri:oozie:workflow:0.2" name = "Optimized Process Automation">
	<start to="check-directories"/>    
	<decision name = "check-directories">
      <switch>
         <case to = "insert-into-customer-staging-table">
            ${fs:exists('/user/maria_dev/Credit_Card_System/CDW_SAPP_D_CUSTOMER') eq 'false'
		      and fs:exists('/user/maria_dev/Credit_Card_System/CDW_SAPP_D_BRANCH') eq 'false'
			  and fs:exists('/user/maria_dev/Credit_Card_System/CDW_SAPP_F_CREDIT_CARD') eq 'false'
			  and fs:exists('/user/maria_dev/Credit_Card_System/CDW_SAPP_D_TIME') eq 'false'}</case>
         <default to = "create-directories" />
      </switch>
	</decision>
	<action name="create-directories">
        <fs>
			<mkdir path="${nameNode}${ccPath}/CDW_SAPP_CUSTOMER"/>
			<mkdir path="${nameNode}${ccPath}/CDW_SAPP_BRANCH"/>
        </fs>
        <ok to="populate-customer-staging-table"/>
        <error to="fail"/>
    </action>
	<action name="populate-customer-staging-table">
		<hive xmlns="uri:oozie:hive-action:0.2">
			<job-tracker>${jobTracker}</job-tracker>
			<name-node>${nameNode}</name-node>
			<script>${scriptsPath}/oozie_optimized/populate_staging_customer.txt</script>
		</hive>
		<ok to="populate-branch-staging-table" />
		<error to="fail"/>
	</action>
	<action name="populate-branch-staging-table">
		<hive xmlns="uri:oozie:hive-action:0.2">
			<job-tracker>${jobTracker}</job-tracker>
			<name-node>${nameNode}</name-node>
			<script>${scriptsPath}/oozie_optimized/populate_staging_branch.txt</script>
		</hive>
		<ok to="file-renaming"/>
		<error to="fail"/>
	</action>
	<action name="file-renaming">
        <fs>
			<move source="${nameNode}${ccPath}/CDW_SAPP_CUSTOMER/0*" target="${nameNode}${ccPath}/CDW_SAPP_CUSTOMER/part-m-00000"/>
			<move source="${nameNode}${ccPath}/CDW_SAPP_BRANCH/0*" target="${nameNode}${ccPath}/CDW_SAPP_BRANCH/part-m-00000"/>
        </fs>
        <ok to="insert-into-customer-staging-table"/>
        <error to="fail"/>
    </action>
	<action name="insert-into-customer-staging-table">
		<sqoop xmlns="uri:oozie:sqoop-action:0.2">
			<job-tracker>${jobTracker}</job-tracker>
			<name-node>${nameNode}</name-node>
			<configuration>
                <property>
                    <name>mapred.job.queue.name</name>
                    <value>${queueName}</value>
                </property>
            </configuration>
			<command>job --meta-connect jdbc:hsqldb:hsql://localhost:16000/sqoop --exec incrementalCustomerImport</command>		 		
	        <archive>${libPath}/java-json.jar#java-json.jar</archive>
		</sqoop>
		<ok to="insert-into-branch-staging-table"/>
		<error to="fail"/>
	</action>
	<action name="insert-into-branch-staging-table">
		<sqoop xmlns="uri:oozie:sqoop-action:0.2">
			<job-tracker>${jobTracker}</job-tracker>
			<name-node>${nameNode}</name-node>
			<configuration>
                <property>
                    <name>mapred.job.queue.name</name>
                    <value>${queueName}</value>
                </property>
            </configuration>
			<command>job --meta-connect jdbc:hsqldb:hsql://localhost:16000/sqoop --exec incrementalBranchImport</command>		 		
	        <archive>${libPath}/java-json.jar#java-json.jar</archive>
		</sqoop>
		<ok to="insert-into-creditcard-staging-table"/>
		<error to="fail"/>
	</action>
	<action name="insert-into-creditcard-staging-table">
		<sqoop xmlns="uri:oozie:sqoop-action:0.2">
			<job-tracker>${jobTracker}</job-tracker>
			<name-node>${nameNode}</name-node>
			<configuration>
                <property>
                    <name>mapred.job.queue.name</name>
                    <value>${queueName}</value>
                </property>
            </configuration>
			<command>job --meta-connect jdbc:hsqldb:hsql://localhost:16000/sqoop --exec incrementalCreditCardImport</command>		 		
	        <archive>${libPath}/java-json.jar#java-json.jar</archive>
		</sqoop>
		<ok to="insert-into-time-staging-table"/>
		<error to="fail"/>
	</action>
	<action name="insert-into-time-staging-table">
		<sqoop xmlns="uri:oozie:sqoop-action:0.2">
			<job-tracker>${jobTracker}</job-tracker>
			<name-node>${nameNode}</name-node>
			<configuration>
                <property>
                    <name>mapred.job.queue.name</name>
                    <value>${queueName}</value>
                </property>
            </configuration>
			<command>job --meta-connect jdbc:hsqldb:hsql://localhost:16000/sqoop --exec incrementalTimeImport</command>		 		
	        <archive>${libPath}/java-json.jar#java-json.jar</archive>
		</sqoop>
		<ok to="insert-into-customer-table"/>
		<error to="fail"/>
	</action>
	<action name="insert-into-customer-table">
		<hive xmlns="uri:oozie:hive-action:0.2">
			<job-tracker>${jobTracker}</job-tracker>
			<name-node>${nameNode}</name-node>
			<script>${scriptsPath}/oozie_optimized/insert_incremental_into_customer.txt</script>
		</hive>
		<ok to="insert-into-branch-table" />
		<error to="fail" />
	</action>
	<action name="insert-into-branch-table">
		<hive xmlns="uri:oozie:hive-action:0.2">
			<job-tracker>${jobTracker}</job-tracker>
			<name-node>${nameNode}</name-node>
			<script>${scriptsPath}/oozie_optimized/insert_incremental_into_branch.txt</script>
		</hive>
		<ok to="check-creditcard-directory" />
		<error to="fail" />
	</action>
	<decision name = "check-creditcard-directory">
      <switch>
         <case to = "check-time-directory">
            ${fs:exists('/user/maria_dev/Credit_Card_System/CDW_SAPP_CREDITCARD') eq 'false'}</case>
         <default to = "insert-into-creditcard-table" />
      </switch>
	</decision>
	<action name="insert-into-creditcard-table">
		<hive xmlns="uri:oozie:hive-action:0.2">
			<job-tracker>${jobTracker}</job-tracker>
			<name-node>${nameNode}</name-node>
			<script>${scriptsPath}/oozie_optimized/insert_incremental_into_creditcard.txt</script>
		</hive>
		<ok to="check-time-directory" />
		<error to="fail" />
	</action>
	<decision name = "check-time-directory">
      <switch>
         <case to = "delete-directories">
            ${fs:exists('/user/maria_dev/Credit_Card_System/CDW_SAPP_TIME') eq 'false'}</case>
         <default to = "insert-into-time-table" />
      </switch>
	</decision>
	<action name="insert-into-time-table">
		<hive xmlns="uri:oozie:hive-action:0.2">
			<job-tracker>${jobTracker}</job-tracker>
			<name-node>${nameNode}</name-node>
			<script>${scriptsPath}/oozie_optimized/insert_incremental_into_time.txt</script>
		</hive>
		<ok to="delete-directories" />
		<error to="fail" />
	</action>
	<action name="delete-directories">
        <fs>
			<delete path="${nameNode}${ccPath}/CDW_SAPP_CUSTOMER"/>
			<delete path="${nameNode}${ccPath}/CDW_SAPP_BRANCH"/>
			<delete path="${nameNode}${ccPath}/CDW_SAPP_CREDITCARD"/>
			<delete path="${nameNode}${ccPath}/CDW_SAPP_TIME"/>
		</fs>
        <ok to="drop-staging-tables"/>
        <error to="fail"/>
    </action>
	<action name="drop-staging-tables">
		<hive xmlns="uri:oozie:hive-action:0.2">
			<job-tracker>${jobTracker}</job-tracker>
			<name-node>${nameNode}</name-node>
			<script>${scriptsPath}/oozie_optimized/drop_staging_tables.txt</script>
		</hive>
		<ok to="end"/>
		<error to="fail"/>
	</action>
	<kill name="fail">
        <message>Workflow failed, error message[${wf:errorMessage(wf:lastErrorNode())}]</message>
    </kill>
    <end name="end"/>
</workflow-app>